log,cutoff,combo,exp,ate,home_miss,drift_rate,yaw_rmse,vert_rmse,cross_track,success
A,10.0,C1,exp1,11.932009518614663,37.56340750282233,3.6632838248503266,0.19073103313540546,2.9394945962833408,0.0,False
A,10.0,C1,exp2,11.932009518614663,1.4441333386468067,3.6632838248503266,0.19073103313540546,2.9394945962833408,1.0622380077360007,True
A,30.0,C1,exp1,120.68486041309049,362.83630317541355,12.202444514739511,0.2925113155842973,23.705191257804906,0.0,False
A,30.0,C1,exp2,120.68486041309049,0.17000485730336629,12.202444514739511,0.2925113155842973,23.705191257804906,1.1742638685441906,True
A,60.0,C1,exp1,460.7575467351197,1315.7039410451137,22.151679133042553,0.4652404327355997,88.78674310767903,0.0,False
A,60.0,C1,exp2,460.7575467351197,1.4479598619995966,22.151679133042553,0.4652404327355997,88.78674310767903,1.2187930750959708,True
A,10.0,C2,exp1,11.941462722158017,37.60544335973588,3.6704041557584537,0.21417069042457518,2.9394945962833914,0.0,False
A,10.0,C2,exp2,11.941462722158017,1.4441333386468067,3.6704041557584537,0.21417069042457518,2.9394945962833914,1.0622380077360007,True
A,30.0,C2,exp1,119.84408773826688,357.52453414719935,12.026302436812182,0.2237413269408129,23.70519125780574,0.0,False
A,30.0,C2,exp2,119.84408773826688,0.17000485730336629,12.026302436812182,0.2237413269408129,23.70519125780574,1.1742638685441906,True
A,60.0,C2,exp1,438.2727796662,1192.9906645396275,20.129303102065542,0.23354067743588586,88.78674310768403,0.0,False
A,60.0,C2,exp2,438.2727796662,1.4479598619995966,20.129303102065542,0.23354067743588586,88.78674310768403,1.2187930750959708,True
A,10.0,C3,exp1,12.907802154589463,38.14942233958848,3.641646777898243,0.21417069042457518,3.839026340056424,0.0,False
A,10.0,C3,exp2,12.907802154589463,1.4441333386468067,3.641646777898243,0.21417069042457518,3.839026340056424,1.0622380077360007,True
A,30.0,C3,exp1,118.9704840552414,361.2030256064911,11.901762435274247,0.2237413269408129,4.977196623710577,0.0,False
A,30.0,C3,exp2,118.9704840552414,0.17000485730336629,11.901762435274247,0.2237413269408129,4.977196623710577,1.1742638685441906,True
A,60.0,C3,exp1,433.3871088266269,1198.2702902549183,19.860457469053305,0.23354067743588586,7.825179613860226,0.0,False
A,60.0,C3,exp2,433.3871088266269,1.4479598619995966,19.860457469053305,0.23354067743588586,7.825179613860226,1.2187930750959708,True
A,10.0,C4,exp1,4.307268449869305,12.328441721390886,0.6189354322111763,0.21417069042457518,3.839026340056424,0.0,False
A,10.0,C4,exp2,4.307268449869305,1.4441333386468067,0.6189354322111763,0.21417069042457518,3.839026340056424,1.0622380077360007,True
A,30.0,C4,exp1,8.754015356650527,53.66683620909947,0.5172441448207123,0.2237413269408129,4.977196623710577,0.0,False
A,30.0,C4,exp2,8.754015356650527,0.17000485730336629,0.5172441448207123,0.2237413269408129,4.977196623710577,1.1742638685441906,True
A,60.0,C4,exp1,14.758457888968058,128.8474038581509,0.4461016067699218,0.23354067743588586,7.825179613860226,0.0,False
A,60.0,C4,exp2,14.758457888968058,1.4479598619995966,0.4461016067699218,0.23354067743588586,7.825179613860226,1.2187930750959708,True
A,10.0,C5,exp1,4.307268449869305,12.328441721390886,0.6189354322111763,0.21417069042457518,3.839026340056424,0.0,False
A,10.0,C5,exp2,4.307268449869305,1.4441333386468067,0.6189354322111763,0.21417069042457518,3.839026340056424,1.0622380077360007,True
A,30.0,C5,exp1,8.754015356650527,53.66683620909947,0.5172441448207123,0.2237413269408129,4.977196623710577,0.0,False
A,30.0,C5,exp2,8.754015356650527,0.17000485730336629,0.5172441448207123,0.2237413269408129,4.977196623710577,1.1742638685441906,True
A,60.0,C5,exp1,14.758457888968058,128.8474038581509,0.4461016067699218,0.23354067743588586,7.825179613860226,0.0,False
A,60.0,C5,exp2,14.758457888968058,1.4479598619995966,0.4461016067699218,0.23354067743588586,7.825179613860226,1.2187930750959708,True
A,10.0,C6,exp1,3.895744186458573,11.573287222442055,0.43548700279371316,0.21417069042457518,3.939701775974324,0.0,False
A,10.0,C6,exp2,3.895744186458573,1.4441333386468067,0.43548700279371316,0.21417069042457518,3.939701775974324,1.0622380077360007,True
A,30.0,C6,exp1,4.934183002422308,51.95102364920867,0.24014744236246566,0.2237413269408129,4.992057767954485,0.0,False
A,30.0,C6,exp2,4.934183002422308,0.17000485730336629,0.24014744236246566,0.2237413269408129,4.992057767954485,1.1742638685441906,True
A,60.0,C6,exp1,7.346913007828016,127.08593027767617,0.20088012674653144,0.23354067743588586,7.658932906140364,0.0,False
A,60.0,C6,exp2,7.346913007828016,1.4479598619995966,0.20088012674653144,0.23354067743588586,7.658932906140364,1.2187930750959708,True
B,10.0,C1,exp1,2.4328088070550105,7.256953057599559,0.720068672657251,0.0018632834158373674,0.13554722651500217,0.0,False
B,10.0,C1,exp2,2.4328088070550105,0.03543951111364499,0.720068672657251,0.0018632834158373674,0.13554722651500217,0.0,True
B,30.0,C1,exp1,30.348845538453347,92.49031978187634,3.054089712839256,0.005731427042637973,1.7331423690739007,0.0,False
B,30.0,C1,exp2,30.348845538453347,0.1202856039935744,3.054089712839256,0.005731427042637973,1.7331423690739007,0.0,True
B,60.0,C1,exp1,223.23206795288934,737.4323363512576,12.199846177425888,0.05273699112667438,15.582325536910842,0.0,False
B,60.0,C1,exp2,223.23206795288934,1.5439135827955521,12.199846177425888,0.05273699112667438,15.582325536910842,0.7377229885478118,True
B,10.0,C2,exp1,2.4326336039771532,7.225280398242211,0.7187199834671345,0.29696737462329537,0.13554722651501228,0.0,False
B,10.0,C2,exp2,2.4326336039771532,0.03543951111364499,0.7187199834671345,0.29696737462329537,0.13554722651501228,0.0,True
B,30.0,C2,exp1,30.32975316854924,92.43739395182548,3.0540058912770114,0.2951189760737813,1.7331423690740544,0.0,False
B,30.0,C2,exp2,30.32975316854924,0.1202856039935744,3.0540058912770114,0.2951189760737813,1.7331423690740544,0.0,True
B,60.0,C2,exp1,224.24906225894114,742.416886214632,12.304268879854783,0.2930563648756169,15.582325536912721,0.0,False
B,60.0,C2,exp2,224.24906225894114,1.5439135827955521,12.304268879854783,0.2930563648756169,15.582325536912721,0.7377229885478118,True
B,10.0,C3,exp1,2.44737851965287,7.216974451779889,0.718076219732322,0.29696737462329537,0.17501345481909394,0.0,False
B,10.0,C3,exp2,2.44737851965287,0.03543951111364499,0.718076219732322,0.29696737462329537,0.17501345481909394,0.0,True
B,30.0,C3,exp1,30.30790261119987,92.34711381009916,3.051163359892801,0.2951189760737813,0.1679885954863239,0.0,False
B,30.0,C3,exp2,30.30790261119987,0.1202856039935744,3.051163359892801,0.2951189760737813,0.1679885954863239,0.0,True
B,60.0,C3,exp1,223.98016009073558,742.0495588770422,12.288188575741948,0.2930563648756169,0.33877906885342496,0.0,False
B,60.0,C3,exp2,223.98016009073558,1.5439135827955521,12.288188575741948,0.2930563648756169,0.33877906885342496,0.7377229885478118,True
B,10.0,C4,exp1,1.7233079680275452,4.490326557531551,0.44704505995162946,0.29696737462329537,0.17501345481909394,0.0,False
B,10.0,C4,exp2,1.7233079680275452,0.03543951111364499,0.44704505995162946,0.29696737462329537,0.17501345481909394,0.0,True
B,30.0,C4,exp1,11.37119957281572,27.137987957555403,0.9016860105274377,0.2951189760737813,0.1679885954863239,0.0,False
B,30.0,C4,exp2,11.37119957281572,0.1202856039935744,0.9016860105274377,0.2951189760737813,0.1679885954863239,0.0,True
B,60.0,C4,exp1,43.068926007719355,111.30515476558193,1.7881930836886195,0.2930563648756169,0.33877906885342496,0.0,False
B,60.0,C4,exp2,43.068926007719355,1.5439135827955521,1.7881930836886195,0.2930563648756169,0.33877906885342496,0.7377229885478118,True
B,10.0,C5,exp1,1.7233079680275452,4.490326557531551,0.44704505995162946,0.29696737462329537,0.17501345481909394,0.0,False
B,10.0,C5,exp2,1.7233079680275452,0.03543951111364499,0.44704505995162946,0.29696737462329537,0.17501345481909394,0.0,True
B,30.0,C5,exp1,11.37119957281572,27.137987957555403,0.9016860105274377,0.2951189760737813,0.1679885954863239,0.0,False
B,30.0,C5,exp2,11.37119957281572,0.1202856039935744,0.9016860105274377,0.2951189760737813,0.1679885954863239,0.0,True
B,60.0,C5,exp1,43.068926007719355,111.30515476558193,1.7881930836886195,0.2930563648756169,0.33877906885342496,0.0,False
B,60.0,C5,exp2,43.068926007719355,1.5439135827955521,1.7881930836886195,0.2930563648756169,0.33877906885342496,0.7377229885478118,True
B,10.0,C6,exp1,0.2505737016075726,0.30915042839359674,0.03166141326037716,0.29696737462329537,0.18468252354588358,0.0,True
B,10.0,C6,exp2,0.2505737016075726,0.03543951111364499,0.03166141326037716,0.29696737462329537,0.18468252354588358,0.0,True
B,30.0,C6,exp1,0.6171664174881183,1.097880408421505,0.0435336790692369,0.2951189760737813,0.20207463398561532,0.0,True
B,30.0,C6,exp2,0.6171664174881183,0.1202856039935744,0.0435336790692369,0.2951189760737813,0.20207463398561532,0.0,True
B,60.0,C6,exp1,7.448646732988059,49.091978685558864,0.7673261592732794,0.2930563648756169,0.33480815135226444,0.0,False
B,60.0,C6,exp2,7.448646732988059,1.5439135827955521,0.7673261592732794,0.2930563648756169,0.33480815135226444,0.7377229885478118,True
